{"cameraMode":{"drawMode":0,"name":"Shaded","section":"Shading Mode"},"sceneLighting":true,"audioPlay":false,"sceneViewState":{"showFog":true,"showMaterialUpdate":false,"showSkybox":true,"showFlares":true,"showImageEffects":true,"showParticleSystems":true,"showVisualEffectGraphs":true,"m_FxEnabled":true},"in2DMode":false,"pivot":{"x":-3.804445743560791,"y":2.2708349227905275,"z":0.8841103911399841},"rotation":{"x":-0.018552659079432489,"y":-0.8005315065383911,"z":-0.023588402196764947,"w":0.5988004207611084},"size":0.7344860434532166,"orthographic":false}