{"cameraMode":{"drawMode":0,"name":"Shaded","section":"Shading Mode"},"sceneLighting":true,"audioPlay":false,"sceneViewState":{"showFog":true,"showMaterialUpdate":false,"showSkybox":true,"showFlares":true,"showImageEffects":true,"showParticleSystems":true,"showVisualEffectGraphs":true,"m_FxEnabled":true},"in2DMode":false,"pivot":{"x":-12.50585651397705,"y":1.5163391828536988,"z":10.346197128295899},"rotation":{"x":0.0014931154437363148,"y":0.2499990463256836,"z":0.00022569288557861,"w":-0.9684635996818543},"size":1.6943113803863526,"orthographic":false}