{"cameraMode":{"drawMode":0,"name":"Shaded","section":"Shading Mode"},"sceneLighting":true,"audioPlay":false,"sceneViewState":{"showFog":true,"showMaterialUpdate":false,"showSkybox":true,"showFlares":true,"showImageEffects":true,"showParticleSystems":true,"showVisualEffectGraphs":true,"m_FxEnabled":true},"in2DMode":false,"pivot":{"x":13.980854988098145,"y":0.8273066878318787,"z":22.090286254882814},"rotation":{"x":0.01349360030144453,"y":0.037151582539081576,"z":-0.0004292195080779493,"w":0.9992945790290833},"size":-1.1926050186157227,"orthographic":false}