{"cameraMode":{"drawMode":0,"name":"Shaded","section":"Shading Mode"},"sceneLighting":true,"audioPlay":false,"sceneViewState":{"showFog":true,"showMaterialUpdate":false,"showSkybox":true,"showFlares":true,"showImageEffects":true,"showParticleSystems":true,"showVisualEffectGraphs":true,"m_FxEnabled":true},"in2DMode":false,"pivot":{"x":-4.738513946533203,"y":0.6740747094154358,"z":12.634292602539063},"rotation":{"x":-0.004013338591903448,"y":0.8578391075134277,"z":-0.0066994414664804939,"w":-0.5138623714447022},"size":11.635626792907715,"orthographic":false}