{"cameraMode":{"drawMode":0,"name":"Shaded","section":"Shading Mode"},"sceneLighting":true,"audioPlay":false,"sceneViewState":{"showFog":true,"showMaterialUpdate":false,"showSkybox":true,"showFlares":true,"showImageEffects":true,"showParticleSystems":true,"showVisualEffectGraphs":true,"m_FxEnabled":true},"in2DMode":false,"pivot":{"x":13.333675384521485,"y":0.2948525547981262,"z":22.567075729370118},"rotation":{"x":-0.014999158680438996,"y":0.006294757593423128,"z":0.00009493531979387626,"w":0.9998722672462463},"size":0.5760773420333862,"orthographic":false}