{"cameraMode":{"drawMode":0,"name":"Shaded","section":"Shading Mode"},"sceneLighting":true,"audioPlay":false,"sceneViewState":{"showFog":true,"showMaterialUpdate":false,"showSkybox":true,"showFlares":true,"showImageEffects":true,"showParticleSystems":true,"showVisualEffectGraphs":true,"m_FxEnabled":true},"in2DMode":false,"pivot":{"x":26.246793746948243,"y":4.776949405670166,"z":3.145827293395996},"rotation":{"x":-0.005361649673432112,"y":0.9797471165657044,"z":0.0279935784637928,"w":0.19875700771808625},"size":19.285947799682618,"orthographic":false}