{"cameraMode":{"drawMode":0,"name":"Shaded","section":"Shading Mode"},"sceneLighting":false,"audioPlay":false,"sceneViewState":{"showFog":true,"showMaterialUpdate":false,"showSkybox":false,"showFlares":true,"showImageEffects":true,"showParticleSystems":true,"showVisualEffectGraphs":true,"m_FxEnabled":true},"in2DMode":false,"pivot":{"x":-0.0006313323974609375,"y":0.6983366012573242,"z":0.7080138325691223},"rotation":{"x":-0.2257717400789261,"y":0.7688681483268738,"z":-0.36866167187690737,"w":-0.4713153541088104},"size":25.758481979370118,"orthographic":false}